{"acc":0.968803453767285,"_wandb":{"runtime":0},"loss":0.017722672540411065,"_timestamp":1.7278405401301897e+09,"_runtime":0.497485849,"_step":17}