{"val_loss":0.3333333333333333,"_timestamp":1.728153498877874e+09,"_runtime":9.774449719,"_step":9999,"_wandb":{"runtime":9},"epoch":10000,"train_loss":0.38183807439824946}