{"_runtime":8.289782796,"_step":9999,"_wandb":{"runtime":8},"epoch":10000,"train_loss":0.3741794310722101,"val_loss":0.40350877192982454,"_timestamp":1.7278496070874608e+09}