{"epoch":7958,"train_loss":0.43544857768052514,"val_loss":0.42105263157894735,"_timestamp":1.7278503473093648e+09,"_runtime":7.028738824,"_wandb":{"runtime":7},"_step":7957}