{"_step":99,"epoch":100,"train_loss":0.486870897155361,"val_loss":0.4824561403508772,"_wandb":{"runtime":1},"_timestamp":1.7278503672255726e+09,"_runtime":1.615551808}