{"_step":7,"_wandb":{"runtime":1},"acc":0.9164178878545185,"loss":0.11179539873064785,"_timestamp":1.7278398412746217e+09,"_runtime":1.197888573}