{"_wandb":{"runtime":3},"epoch":100,"train_loss":0.45295404814004375,"val_loss":0.5,"_timestamp":1.7278505132546012e+09,"_runtime":3.201086814,"_step":99}