{"_timestamp":1.7281534395949945e+09,"_runtime":12.179580678,"_step":9999,"epoch":10000,"train_loss":0.32603938730853393,"val_loss":0.5,"_wandb":{"runtime":12}}