{"_runtime":7.326446564,"_step":4999,"epoch":5000,"train_loss":0.40809628008752735,"val_loss":0.37719298245614036,"_timestamp":1.7281911278958225e+09,"_wandb":{"runtime":7}}