{"epoch":5000,"train_loss":0.4037199124726477,"val_loss":0.45614035087719296,"_timestamp":1.7281536175682726e+09,"_runtime":7.483882584,"_wandb":{"runtime":7},"_step":4999}