{"_runtime":38.224359893,"_step":49999,"epoch":50000,"_wandb":{"runtime":38},"train_loss":0.387308533916849,"val_loss":0.4298245614035088,"_timestamp":1.727849796043215e+09}