{"_step":2999,"epoch":3000,"train_loss":0.41575492341356673,"val_loss":0.38596491228070173,"_timestamp":1.7278497012435694e+09,"_runtime":2.714318992,"_wandb":{"runtime":2}}