degree,weights,bias
23,"[0.9124757  0.94300364 0.68936339 0.75404015 0.54614761 0.56423386
 0.44148574 0.4110342  0.36273282 0.29290072 0.30220635 0.20368127
 0.25429941 0.13778543 0.21469155 0.0909681  0.1798861  0.06029258
 0.14688713 0.04395722 0.11296114 0.04113616 0.07544906]",0.4614828326722433
