{"_step":4999,"epoch":5000,"train_loss":0.437636761487965,"val_loss":0.4298245614035088,"_timestamp":1.7281914155451257e+09,"_wandb":{"runtime":7},"_runtime":7.478168297}