{"val_loss":0.35964912280701755,"_timestamp":1.7281535808484826e+09,"_runtime":12.475347052,"_wandb":{"runtime":12},"_step":9999,"epoch":10000,"train_loss":0.3851203501094092}