{"_step":99,"epoch":100,"train_loss":0.462800875273523,"val_loss":0.3508771929824561,"_timestamp":1.7281533844007888e+09,"_wandb":{"runtime":1},"_runtime":1.663392685}