{"_step":4999,"epoch":5000,"train_loss":0.513129102844639,"val_loss":0.5877192982456141,"_timestamp":1.728193107511328e+09,"_runtime":6.934360702,"_wandb":{"runtime":6}}